transaction_id,status,reference_number,partner_reference_number,capture_number,receipt_number,customer_id,wallet_id,phone_number,created_by,transaction_type,journal_type,category,currency,net_amount,fee_internal_amount,fee_external_amount,total_fee,channel,channel_reference_number,is_verified,note,detail,paying_at,created_at,updated_at,is_ref_dup,date_order_anomaly,is_net_amount_outlier,is_total_fee_outlier
13161,00,INV-24101303361846,deabead5-c551-4e55-b424-06e26e9c5a0e,INV-24101303361846,f4b730b5-1913-48a2-800a-0e16dcfe4f02,42110,WLT-00001507,ca4cd797130e7f19cc596cf13ecc8a593d8e8a74ff3ca0fdc35b85846bdf1d8b,42110,TRANSFER,DEBIT,BANK_TRANSFER_BNI,IDR,50000,2500,0,2500,INTERNAL,2ad08343-c707-4102-a80b-b02d238b851e,True,Transfer to Bank BNI,Transfer to Bank Mandiri,2024-10-13 03:36:18,2024-10-13 03:29:33,2024-10-13 03:41:10,False,False,False,False
4161,00,INV-24082621545666,14525d2d-1760-4e71-b8e2-a80f1f3d73b9,INV-24082621545666,de815002-a2a8-4069-a580-cd50ac88cf38,32748,WLT-00000677,96f981a76819ad458dff754cb3944b03d066a95ac384a2824e4ae97e70ff39c4,32748,PAYMENT,DEBIT,UTILITY_TELCO,IDR,200000,0,0,0,DUITKU,c1dd010b-4540-4f57-8083-bcd9be52436b,True,Payment - Grab,Payment - Tokopedia,2024-08-26 21:54:56,2024-08-26 21:45:34,2024-08-26 21:58:57,False,False,False,False
21207,00,INV-24112704215888,e16588de-1a93-4a68-a616-fb7b9a3b9263,INV-24112704215888,a912432f-97b9-41b3-9562-a0a385b03ccb,33065,WLT-00001053,391e6b121051b1c27daabf95d9b94aa6f203b4f0eebe574641fcab505893a1ef,33065,TRANSFER,DEBIT,BANK_TRANSFER_MANDIRI,IDR,100000,2500,0,2500,BIFAST,4b35065d-188a-4ab7-b031-4392417e382c,True,Transfer to Bank Mandiri,Transfer to Wallet,2024-11-27 04:21:58,2024-11-27 04:21:50,2024-11-27 04:22:34,False,False,False,False
2695,00,INV-240816050305,e04aff14-42eb-4b24-a4da-7120739cb52e,INV-240816050305,559f49ff-5128-44e0-a913-58441c970b96,4305,WLT-00001088,6128c2589a5bbc3283411d9cfce5b4c3ca0b7f666e61853559fe56c179d8c5fc,4305,TOP_UP,CREDIT,VA_BANK_MANDIRI,IDR,210000,500,4000,4500,DUITKU,9b014266-38fa-416a-b508-e585974cd00e,False,Expired,Top Up Bilpay E-wallet - v2rlim92@gmail.com,2024-08-17 00:00:00,2024-01-19 03:50:52,2024-11-13 15:45:00,True,False,False,False
6268,00,INV-240909053531,bd607d45-0337-4be8-bd21-6d0747c2047f,INV-240909053531,0acad2d8-3da2-4be2-baf2-673d41fe4bc0,8889,WLT-00000684,44f025816c22a336ee1ad0a1f18f059d27406d1d8f32d873790a69cf66afc9f7,8889,TOP_UP,CREDIT,VA_BANK_BNI,IDR,500000,500,4000,4500,DUITKU,5210ebb3-7c8c-41d1-a786-48156fffd625,False,Expired,Top Up Bilpay E-wallet - rikirikardony15@gmail.com,2024-09-10 00:00:00,2024-01-19 03:50:52,2024-11-13 15:45:00,True,False,False,False
9501,00,INV-240924111010,de0517b5-3763-4811-9c36-4e0dde3815df,INV-240924111010,7327ef67-eda7-496b-a1b8-2be8002481bc,14326,WLT-00001201,5f9576b3ee99116808de2e51b8f75931d36d427d66526427d9e9f6567d2d0926,14326,TOP_UP,CREDIT,VA_BANK_BNI,IDR,26797,500,4000,4500,DUITKU,dbaca0ef-de0e-472f-bf35-0490ad5d5769,False,Expired,Top Up Bilpay E-wallet - 1675,2024-09-25 00:00:00,2024-09-04 07:53:56,2024-11-13 15:45:00,True,False,False,False
10076,00,INV-240926054159,871e3f73-af94-405b-b160-2f67c5519e65,INV-240926054159,4ff68c60-1d5d-480e-a978-80f450cb72f9,16735,WLT-00000818,0fa1d08280a1f00ecc90ab5fa26d517a953d4a32a9401b4919a71614c23eaa6a,16735,TOP_UP,CREDIT,VA_BANK_BRI,IDR,300000,500,4000,4500,DUITKU,d78e4a3a-a3aa-4ce2-b2ae-6b5ed38dc997,False,Expired,Top Up Bilpay E-wallet - 1920,2024-09-27 00:00:00,2024-06-02 12:24:12,2024-11-13 15:45:00,True,False,False,False
12918,00,INV-241011102555,5625afe2-37a2-4a92-a6e9-7e710252b971,INV-241011102555,728e3f70-afcd-42e7-aecf-5318608098d5,8889,WLT-00000684,44f025816c22a336ee1ad0a1f18f059d27406d1d8f32d873790a69cf66afc9f7,8889,TOP_UP,CREDIT,VA_BANK_BNI,IDR,100000,500,4000,4500,DUITKU,e7360448-4c49-4fc3-9d5e-e8c8a4a445a7,False,Expired,Top Up Bilpay E-wallet - rikirikardony15@gmail.com,2024-10-12 00:00:00,2024-05-02 12:24:12,2024-11-13 15:45:00,True,False,False,False
19003,00,INV-24111218115671,265a8c74-a0c3-4658-8837-66aac6b8f09f,INV-24111218115671,33b19c69-d46a-42d0-bc1d-0fde8dd79d83,47106,WLT-00001920,dad52084d37bbe0a6d2c0035f015d49dc96408799c52e5cd5c9e3d73dda7133c,47106,PAYMENT,DEBIT,MERCHANT_DIRECT,IDR,150000,0,0,0,MIDTRANS,438cd4a8-9106-4eb9-bf8e-ba251211d68e,True,Payment - Gojek,Payment - Telkomsel,2024-11-12 18:11:56,2024-11-12 18:08:05,2024-11-12 18:13:02,False,False,False,False
7342,00,INV-24091605280896,f6310857-1811-4b86-af1f-9eb76416d391,INV-24091605280896,13fe7087-3bd7-4bf0-93f4-81c4f8877b26,14371,WLT-00001482,7b3a0e5ecab1960e68be841c24ac7cbf297260a8d512023e656abfe82a509b67,14371,PAYMENT,DEBIT,UTILITY_TELCO,IDR,200000,0,0,0,XENDIT,7cc18492-c221-48c0-9972-703057e56089,False,Payment - Tokopedia,Payment - PLN,2024-09-16 05:28:08,2024-09-16 05:22:35,2024-09-16 05:32:01,False,False,False,False
19117,00,INV-24111307473575,2d216bb0-7405-4302-8be5-bcaec49522b5,INV-24111307473575,6aeb71f0-4648-419f-a3c4-819d0f07f5bb,34057,WLT-00001181,ede0f996d4109a7caa1c464990dd2eb54d3cfc9cb609f1b45db7494d0000abcc,34057,PAYMENT,DEBIT,UTILITY_TELCO,IDR,200000,0,0,0,MIDTRANS,25743d6d-64de-4034-a4e0-bccd282c831c,True,Payment - PLN,Payment - Grab,2024-11-13 07:47:35,2024-11-13 07:45:51,2024-11-13 07:50:51,False,False,False,False
17786,00,INV-241103153508,6fa0ad98-ea2e-4b29-bb59-76697a4563d4,INV-241103153508,d6ccb956-429c-4360-b90a-5261b7a6680f,12351,WLT-00001732,67261a34086bf67984634079895b74a94a6cb5b58fc2e24ccb4060d91599004a,12351,TOP_UP,CREDIT,VA_BANK_BRI,IDR,500000,500,4000,4500,DUITKU,5542f018-c4f4-4f49-9954-f83767bcd052,False,Top Up Bilpay E-wallet - dwiputrasetiabudhi@gmail.com,Top Up Bilpay E-wallet - dwiputrasetiabudhi@gmail.com,2024-11-04 00:00:00,2024-07-21 06:58:55,2024-11-03 15:35:49,True,False,False,False
19288,00,INV-24111408351820,145a671d-298d-4e75-96da-fe2b0bc2b002,INV-24111408351820,a83cd40b-c016-4c54-bcd2-13dd70f6cb95,4873,WLT-00001154,34e6cbf0da05fb771fe93805a5899be761c9efb99e91611e37752e0c16f285dd,4873,PAYMENT,DEBIT,MERCHANT_DIRECT,IDR,150000,0,0,0,QRIS,3297af1e-9fdc-4c6c-8b85-e69e7384db1e,True,Payment - Indomaret,Payment - Tokopedia,2024-11-14 08:35:18,2024-11-14 08:34:29,2024-11-14 08:39:40,False,False,False,False
11498,00,INV-24100212241331,0df83334-77b0-44e3-9f3f-5c3e42b5e4af,INV-24100212241331,6f7162c3-a913-4707-8ca9-eaa1ccb11bd2,44497,WLT-00001383,1bdfee7c060d6aed19c0a67f5094c3e6409ab8648aaec5f37c98e02cfcf4a710,44497,TRANSFER,DEBIT,BANK_TRANSFER_MANDIRI,IDR,1000000,2500,0,2500,SKN,2c97a91c-c64f-4297-9869-813f992076cb,True,Transfer to Bank BNI,Transfer to Bank BRI,2024-10-02 12:24:13,2024-10-02 12:14:15,2024-10-02 12:25:45,False,False,False,False
6858,00,INV-240913102311,da4b1014-5d83-405b-874d-d98b7be56730,INV-240913102311,7160e13a-e963-4c0a-ace7-c88be90de33d,14270,WLT-00000323,b86c3b9bc6712d53855f176c944e8e173c982be90124ed6d92ce94081027e00d,14270,TOP_UP,CREDIT,VA_BANK_BRI,IDR,550000,500,4000,4500,DUITKU,1eced34f-a6e8-4a04-aff5-13d793e71674,False,Expired,Top Up Bilpay E-wallet - ukarsuhendar@gmail.com,2024-09-14 00:00:00,2024-01-19 03:50:52,2024-11-13 15:45:00,True,False,False,False
3917,00,INV-240822205236,49006288-86f8-4ea2-9f4a-03fa61924741,INV-240822205236,108656f9-d308-49ce-94df-85c85877eee2,5941,WLT-00001359,c725e7ce2f38e58fda85eb6bd207b328536d0b71aaebb495ac1766e2fcc7fcd8,5941,TOP_UP,CREDIT,VA_BANK_MANDIRI,IDR,50000,500,4000,4500,DUITKU,e891f996-e51a-4a16-9f9b-256c716dbb72,False,Expired,Top Up Bilpay E-wallet - nurqoyum01@gmail.com,2024-08-24 00:00:00,2024-03-06 08:38:35,2024-11-13 15:45:00,True,False,False,False
8611,00,INV-240920065316,22e05024-a974-4e55-b457-2cb25cc9bf61,INV-240920065316,4a033d6c-aa23-4694-ac6e-e17fa2896175,16385,WLT-00000586,c708d798d604700f1d8bee1bfb1ce9beada18da674b699456be94ef27e9cd972,16385,TOP_UP,CREDIT,VA_BANK_BRI,IDR,300000,500,4000,4500,DUITKU,47e32ddd-a83d-4cff-9add-bc1b03d82987,False,Expired,Top Up Bilpay E-wallet - jasbicom@gmail.com,2024-09-21 00:00:00,2024-05-02 12:24:12,2024-11-13 15:45:00,True,False,False,False
14152,00,INV-241018001143,8441b788-e3e0-4a6b-818f-d47264c7802e,INV-241018001143,2377a131-7689-4696-895a-e35d0b1973ae,24759,WLT-00000766,e5ee57c757ddf5193547e28f0b73b7c05fa3a097ff4891bed31cee4abd783593,24759,TOP_UP,CREDIT,VA_BANK_BNI,IDR,100000,500,4000,4500,DUITKU,061a7f4e-ee79-4b5e-a77e-6f3877b9e6c8,False,Expired,Top Up Bilpay E-wallet - pt8068675@gmail.com,2024-10-19 00:00:00,2024-09-04 07:53:56,2024-11-13 15:45:00,True,False,False,False
1228,00,INV-24080305441251,5a258e6a-3546-49b7-ad42-122a1965a2ad,INV-24080305441251,eacb82a2-7d1a-4493-aa4c-0d3ae2177e33,9888,WLT-00000306,33099f089ad61edbf8727a6e549b8ffc4b015f7d1c96c105d6b0cea6d23bda28,9888,PAYMENT,DEBIT,UTILITY_TELCO,IDR,50000,0,0,0,XENDIT,e17097e9-e686-4a2c-968b-bfac6e82f587,False,Payment - Merchant,Payment - Grab,2024-08-03 05:44:12,2024-08-03 05:35:21,2024-08-03 05:45:25,False,False,False,False
429,00,INV-24072403455787,43b7bc77-79dd-46bc-bed0-1e410b5ad5c5,INV-24072403455787,f32a4ac2-52b3-46ec-baaf-91a639422df4,39610,WLT-00000986,ea2e0b9f313eba181057cc3a275708f7e8a2b857ca4a491d4502e374a9149cc0,39610,PAYMENT,DEBIT,ONLINE_STORE,IDR,20000,0,0,0,XENDIT,3c924da7-cf05-42b6-b633-78bd3cfe1c19,True,Payment - Tokopedia,Payment - Merchant,2024-07-24 03:45:57,2024-07-24 03:44:54,2024-07-24 03:49:55,False,False,False,False
1104,00,INV-24080201083623,9fdf6bef-7419-4ed8-aaf5-17b2509fc735,INV-24080201083623,f8ffe693-1d41-481a-941e-a31d1be00f70,20025,WLT-00001397,bf3fc68a01c118e19cbdbdd1b8e3de192765ebc0902c47887030811c005dd5b2,20025,PAYMENT,DEBIT,UTILITY_PDAM,IDR,150000,0,0,0,MIDTRANS,05f6a9c4-87bd-4bf5-ab92-65863b040e20,True,Payment - PLN,Payment - Telkomsel,2024-08-02 01:08:36,2024-08-02 01:08:27,2024-08-02 01:12:32,False,False,False,False
18507,00,INV-24110906333442,3ba8051b-08a6-4881-99e5-009cde0557c2,INV-24110906333442,17e56a51-0190-4ff5-a87f-13186ebb1043,15408,WLT-00001858,f988d0481da830ec646d651dda16e3a867fd4469db765a3dd15812bce7580851,15408,TRANSFER,DEBIT,BANK_TRANSFER_BNI,IDR,200000,2500,0,2500,SKN,b16f7285-3382-40aa-9e2c-37c09c4e20bb,True,Transfer to Wallet,Transfer to Bank Mandiri,2024-11-09 06:33:34,2024-11-09 06:31:00,2024-11-09 06:37:24,False,False,False,False
26088,00,INV-25010709130220,c81dc69d-b4ec-4b24-a5aa-c698cbb7bce7,INV-25010709130220,778a34f7-7920-43e1-89cf-a9b6927c126b,15614,WLT-00001094,5f46a2fc8b0df61cbcd5e0628188bb90084a84f74aeb6cb9665c0a68119023aa,15614,PAYMENT,DEBIT,MERCHANT_DIRECT,IDR,20000,0,0,0,XENDIT,fb6be135-1bee-42e5-841a-31d8acad7c46,True,Payment - Tokopedia,Payment - PLN,2025-01-07 09:13:02,2025-01-07 09:05:51,2025-01-07 09:13:58,False,False,False,False
10691,00,INV-240929033520,b0ca38da-d56a-4f10-a6e9-41584f622459,INV-240929033520,075340a5-67c8-4f3b-a902-bc4ebf96eb0c,13295,WLT-00000397,2daacea9390b4815f8dc4125312f79c4c4360755fa0b54f83c1c8a75bd78a821,13295,TOP_UP,CREDIT,VA_BANK_MANDIRI,IDR,776000,500,4000,4500,DUITKU,c73c048a-2742-438b-9575-6ca597474798,False,Expired,Top Up Bilpay E-wallet - 1588,2024-09-30 00:00:00,2024-05-02 12:24:12,2024-11-13 15:45:00,True,False,False,False
9627,00,INV-240925075022,2ee3af94-a900-4c66-96ce-39f286ce3c92,INV-240925075022,67450fc4-5871-424b-a0a9-3d1fbf917b3d,15614,WLT-00001094,5f46a2fc8b0df61cbcd5e0628188bb90084a84f74aeb6cb9665c0a68119023aa,15614,TOP_UP,CREDIT,VA_BANK_BRI,IDR,443000,500,4000,4500,DUITKU,9d94cc9f-8927-4e24-beb2-a35c07c4676e,False,Expired,Top Up Bilpay E-wallet - aliutomo2705@gmail.com,2024-09-26 00:00:00,2024-04-20 11:34:32,2024-11-13 15:45:00,True,False,False,False
27677,00,INV-25011811185125,151d644e-973d-4702-b1db-d388d0f6ba17,INV-25011811185125,f7cc36db-c1ff-4110-803f-8bd58ba2ffef,17749,WLT-00001286,738d2e97f20fa7616a894648a7e931d18895dc3833b14d266594d82eac247a26,17749,PAYMENT,DEBIT,ONLINE_STORE,IDR,150000,0,0,0,MIDTRANS,e287cd90-f576-4b31-a381-c31f22900857,True,Payment - Gojek,Payment - PLN,2025-01-18 11:18:51,2025-01-18 11:11:43,2025-01-18 11:22:59,False,False,False,False
580,00,INV-24072615540185,81ae3371-d692-49f5-94a4-5cefed756a81,INV-24072615540185,252f741e-9d0e-436c-9887-fe29be7cbcf5,14721,WLT-00001186,165b952d89838d867437272c4be555ed9923c4fd2b2a116ba93e8fceb590e85d,14721,PAYMENT,DEBIT,ONLINE_STORE,IDR,10000,0,0,0,MIDTRANS,ae3824ab-f30e-41fc-a3e8-fb75e68c081f,False,Payment - PLN,Payment - Tokopedia,2024-07-26 15:54:01,2024-07-26 15:49:03,2024-07-26 15:55:18,False,False,False,False
4420,00,INV-240828140706,ce2be7dd-7b5b-490d-a0ad-9c019d5ead30,INV-240828140706,662fa6bb-74cf-44c9-9d03-48a347891671,596,WLT-00000276,7e293af78a381afde51af8836ef5e9e497e8e0f9ccb981045344b584b2822868,596,TOP_UP,CREDIT,VA_BANK_MANDIRI,IDR,220000,500,4000,4500,DUITKU,3b2597c6-d897-4c13-a3a4-5313b9399324,False,Expired,Top Up Bilpay E-wallet - Alfath,2024-08-29 00:00:00,2024-05-02 12:24:12,2024-11-13 15:45:00,True,False,False,False
4794,00,INV-24083003511987,9d3b8de0-6bf1-4ba9-b4ee-e3e97b37de5c,INV-24083003511987,ce26ae79-a8a2-4ec0-a528-3d1899720e06,8889,WLT-00000684,44f025816c22a336ee1ad0a1f18f059d27406d1d8f32d873790a69cf66afc9f7,8889,PAYMENT,DEBIT,MERCHANT_DIRECT,IDR,200000,0,0,0,QRIS,5be57e70-1d43-4dac-8532-f12ec5a00fb7,True,Payment - Grab,Payment - PLN,2024-08-30 03:51:19,2024-08-30 03:45:27,2024-08-30 03:55:51,False,False,False,False
2347,00,INV-240813045242,494c5bea-820a-4733-a966-097266c9c8a7,INV-240813045242,5ca19a9d-6296-4d0a-a8b0-1e4db7279bce,3517,WLT-00000390,d63ad416486722dd94a9bce8f85fa14fa232d218942daa61e35c8bee38f6571d,3517,TOP_UP,CREDIT,VA_BANK_BRI,IDR,36000,500,4000,4500,DUITKU,3da2f326-d550-4285-bc5c-4ee5b8940a99,False,Expired,Top Up Bilpay E-wallet - mgalih13091999@gmail.com,2024-08-14 00:00:00,2024-05-02 12:24:12,2024-11-13 15:45:00,True,False,False,False
10550,00,INV-240928073123,3889b998-0e41-4f25-a3a4-6d67f4be0b9e,INV-240928073123,710569b5-36af-4716-a607-386d5fe202fa,18354,WLT-00000789,8aa86352c0b10ec59967e2ca32c38b41f915e9c7f64f68fbf5d1bdf44e6bd6fd,18354,TOP_UP,CREDIT,VA_BANK_BNI,IDR,1000000,500,4000,4500,DUITKU,7588ec5b-8b09-4ff2-a7a7-397822af5d9c,False,Expired,Top Up Bilpay E-wallet - 2039,2024-09-29 00:00:00,2024-05-02 12:24:12,2024-11-13 15:45:00,True,False,False,False
5512,00,INV-24090421422015,0817fb53-c2fa-4636-8f24-a12436b267c7,INV-24090421422015,eec6db93-4924-403e-8e85-547b26de56e8,32351,WLT-00001855,38146136a85e2eb27947f748a4f06f84f486ce30c1345e1b94b212d823c15df0,32351,PAYMENT,DEBIT,MERCHANT_DIRECT,IDR,100000,0,0,0,MIDTRANS,fd05bce0-3832-465d-9c59-acab6ce6f7e2,False,Payment - Shopee,Payment - Gojek,2024-09-04 21:42:20,2024-09-04 21:40:55,2024-09-04 21:46:17,False,False,False,False
3173,00,INV-240819161716,0bb5fb53-0193-45d4-8983-bf5afcc6e97e,INV-240819161716,ff07f930-df66-4cf6-85fe-df574f8b96fd,5801,WLT-00002022,80d117d1822f5879b610bc144811fed50b4ca0d8c455418edd204033dbfbb4af,5801,TOP_UP,CREDIT,VA_BANK_BNI,IDR,10000,500,4000,4500,DUITKU,e8a17898-77ad-4cc3-b478-4a8fa9bf7f63,False,Expired,Top Up Bilpay E-wallet - aliyakhfiq123@gmail.com,2024-08-20 00:00:00,2024-08-04 07:53:56,2024-11-13 15:45:00,True,False,False,False
15939,00,INV-241025005220,5bf2f38f-0ca0-4249-a13d-df022d657a38,INV-241025005220,7e5e842a-e6a5-461a-8f35-2ed9f1453427,22743,WLT-00001954,083ab5422f93bb8908c8f07b9034a7cfb83873a3626639f1ad20b42b190e9847,22743,TOP_UP,CREDIT,VA_BANK_BRI,IDR,170000,500,4000,4500,DUITKU,404232be-0aa4-4f01-8e8a-0391712dc316,False,Expired,Top Up Bilpay E-wallet - liannovelian@ymail.com,2024-10-26 00:00:00,2024-02-23 10:59:44,2024-11-13 15:45:00,True,False,False,False
20210,00,INV-24112018303481,b3ba9804-ce44-49cf-86e3-df3bb73a17ad,INV-24112018303481,d3bbe08f-ee0c-45c5-be2f-750aca7e21ef,46682,WLT-00001809,f35155358da28f1a30ec060eca2c7ac255403926f665e545a908a7af9be1e83a,46682,TRANSFER,DEBIT,INTERNAL_TRANSFER,IDR,200000,2500,0,2500,INTERNAL,c7371d62-1a24-40e9-85cf-8bafb4b6db6e,True,Transfer to Wallet,Transfer to Wallet,2024-11-20 18:30:34,2024-11-20 18:20:45,2024-11-20 18:35:19,False,False,False,False
10813,00,INV-240929033520,b0ca38da-d56a-4f10-a6e9-41584f622459,INV-240929033520,7f6c3aeb-6127-461a-aedb-821877dce19e,13295,WLT-00000397,2daacea9390b4815f8dc4125312f79c4c4360755fa0b54f83c1c8a75bd78a821,13295,TOP_UP,CREDIT,VA_BANK_MANDIRI,IDR,776000,500,4000,4500,DUITKU,c73c048a-2742-438b-9575-6ca597474798,False,Expired,Top Up Bilpay E-wallet - 1588,2024-09-30 00:00:00,2024-02-23 10:59:44,2024-11-13 15:45:00,True,False,False,False
19880,00,INV-24111818262494,0bf87305-6d7c-4a66-9539-6c9f6b66b568,INV-24111818262494,98898c35-18f8-45a5-b1ff-d3ed1674b69d,46537,WLT-00001372,de7e9a04cdb553cc691279bd998a140c9c68d430cc9ae514508985d301ab08a7,46537,PAYMENT,DEBIT,ONLINE_STORE,IDR,150000,0,0,0,MIDTRANS,e01f863f-fde6-4e56-b9fd-c0ab32bb1eda,False,Payment - PLN,Payment - Grab,2024-11-18 18:26:24,2024-11-18 18:23:48,2024-11-18 18:27:13,False,False,False,False
3663,00,INV-24082201332743,322206c0-c5a8-406e-b3e6-c7fee1a3ee07,INV-24082201332743,74b4c505-0fee-4539-aa92-1c35ab4b4579,5013,WLT-00000437,c78d64bfac1d712c4a0bc97a9c884241e3dd0bbb8b5cf91943db6eb769e25d4e,5013,REFUND,CREDIT,REFUND_MERCHANT,IDR,10000,0,0,0,DUITKU,3b740c7a-c9d5-48e8-97d8-7d4028506df9,True,Refund - Overpayment,Refund - Overpayment,2024-08-22 01:33:27,2024-08-22 01:28:23,2024-08-22 01:37:43,False,False,False,False
5926,00,INV-24090704402793,8dcfaa2e-43cd-4131-91cb-99178014ae35,INV-24090704402793,e0fe348e-1ecc-4786-a7ed-ac88bc3aeb42,32286,WLT-00000139,90385d287a72de71ade1fdeba2b00c7921e6919822270a25972d4c465e98f3ce,32286,TRANSFER,DEBIT,INTERNAL_TRANSFER,IDR,100000,2500,0,2500,INTERNAL,c671ce35-c2ee-452a-8ab8-0dde4369931f,True,Transfer to Wallet,Transfer to Wallet,2024-09-07 04:40:27,2024-09-07 04:35:21,2024-09-07 04:44:42,False,False,False,False
97,00,INV-24071905482961,9f86e4ed-affd-4ed8-ae62-8fd8fcdb5967,INV-24071905482961,c6907be5-c679-4b6d-8aa9-0b1efffedc6c,15620,WLT-00000701,1fe4f19b61090b3fd50e05aaca3e62415d8bbd664da2f31ed4da3ecf7fb26cb9,15620,PAYMENT,DEBIT,ONLINE_STORE,IDR,150000,0,0,0,MIDTRANS,2c64b59b-c77e-432c-b0e7-7232e82609c3,False,Payment - PLN,Payment - Grab,2024-07-19 05:48:29,2024-07-19 05:47:33,2024-07-19 05:48:42,False,False,False,False
346,00,INV-24072218164476,bd54ebd1-721b-452b-9fcd-6a465f78ab32,INV-24072218164476,480ab47e-83c5-4387-8163-189fdfa94ed8,18943,WLT-00002100,64b0a9d11b5c97da2faff7c091417886eec936fff03913cc297deea3388df1ac,18943,TRANSFER,DEBIT,BANK_TRANSFER_MANDIRI,IDR,50000,2500,0,2500,INTERNAL,80a38f5b-1092-4c4c-b83e-7f877b34c09b,True,Transfer to Bank BNI,Transfer to Bank Mandiri,2024-07-22 18:16:44,2024-07-22 18:11:31,2024-07-22 18:21:31,False,False,False,False
7517,00,INV-240917145336,651ef481-b906-4426-a0d3-3256a773c870,INV-240917145336,7818df5b-cbc9-44da-8b31-d2d00684633c,15469,WLT-00000667,6fd6b489dc79dddae1c5a21516882f6baa80be13c1b828c3d1839a6c8ddff0e6,15469,TOP_UP,CREDIT,VA_BANK_BNI,IDR,20000,500,4000,4500,DUITKU,5668bf17-38b3-4ebe-ba9a-954b2a56b8f9,False,Expired,Top Up Bilpay E-wallet - 1803,2024-09-18 00:00:00,2024-04-20 11:34:32,2024-11-13 15:45:00,True,False,False,False
12194,00,INV-241006070700,9a100f45-9602-4baa-b043-7bfbda32f517,INV-241006070700,acff72e4-3b3e-46e3-8df1-dfd57e455c65,9857,WLT-00001416,7db4366e26fa55199cf25bd90902e5016ab18db59e71c4e2142bc241269841df,9857,TOP_UP,CREDIT,VA_BANK_BNI,IDR,500000,500,4000,4500,DUITKU,4569e751-ad5a-4e3f-a900-4872cec57ef3,False,Expired,Top Up Bilpay E-wallet - 1320,2024-10-07 00:00:00,2024-10-01 10:27:29,2024-11-13 15:45:00,True,False,False,False
17113,00,INV-241031083408,18112e11-bb8f-4364-b7c5-45e7a3cfcdef,INV-241031083408,5c0d1b2b-ea19-4848-9144-807a00de5d3c,25487,WLT-00002066,4961255e058961e1fd200e83c384bd2aceb80ea9acb0db467fd58b8aa7334dfb,25487,TOP_UP,CREDIT,VA_BANK_MANDIRI,IDR,4500000,500,4000,4500,DUITKU,05820b38-c96b-4e58-82a8-68db96c60bb9,False,Expired,Top Up Bilpay E-wallet - 2651,2024-11-01 00:00:00,2024-08-04 07:53:56,2024-11-13 15:45:00,True,False,True,False
24719,00,INV-241223041057,cc24474b-d0ff-42b1-917b-c0b9ce42fe2a,INV-241223041057,0f8f2a9e-3eac-41c5-8bba-513b82306a63,38780,WLT-00000031,c7b98fb41397920bcdb030b50ac79790bc31892ee861f74d4ea7c1dac1e8c002,38780,TOP_UP,CREDIT,VA_BANK_BRI,IDR,250000,500,4000,4500,DUITKU,0f810a4c-1623-49d2-bf8f-8b587de09c9b,False,Top Up Bilpay E-wallet - 3783,Top Up Bilpay E-wallet - 3783,2024-12-24 00:00:00,2024-03-06 08:38:35,2024-12-23 04:12:35,True,False,False,False
23948,00,INV-24121718152451,8ef11663-a420-4d7a-9c9d-7a51767e3444,INV-24121718152451,221609cc-caaa-4967-a1f7-42be12daa68b,34299,WLT-00001607,e032f9ab24734c4b4da452561a4830614c5441cafa115ab59c4aaa63ea5a3138,34299,PAYMENT,DEBIT,UTILITY_TELCO,IDR,10000,0,0,0,DUITKU,0593afcb-2974-40b6-9ddc-cad8983bf47c,False,Payment - Telkomsel,Payment - Shopee,2024-12-17 18:15:24,2024-12-17 18:08:44,2024-12-17 18:18:06,False,False,False,False
14754,00,INV-24102013504664,7107411e-fc54-4288-8961-2226c4f55c62,INV-24102013504664,aa9c177a-4f81-4abf-8f62-414d84dda517,11395,WLT-00000384,c70fecfc705c7333d1ff1d73b905152006bdca85f6b6c6d089e578abe7f2baee,11395,PAYMENT,DEBIT,ONLINE_STORE,IDR,10000,0,0,0,QRIS,f29cc91d-512f-4fe2-90c3-904fd21a8670,False,Payment - Indomaret,Payment - Merchant,2024-10-20 13:50:46,2024-10-20 13:46:11,2024-10-20 13:51:45,False,False,False,False
25801,00,INV-25010418305757,0a01084a-7b9a-4235-aa9d-06267bf0c5c7,INV-25010418305757,0f39520f-848a-4cf9-858f-8cc53275b283,25500,WLT-00001800,e02407cfb72b779f320e7c9cee6c3bdf79ad6f494f03a64c5282e1a6379b4839,25500,PAYMENT,DEBIT,QRIS,IDR,200000,0,0,0,MIDTRANS,0c3b8d31-c279-4cdf-bc95-e4093d4d33e2,False,Payment - Gojek,Payment - Tokopedia,2025-01-04 18:30:57,2025-01-04 18:23:47,2025-01-04 18:32:04,False,False,False,False
12260,00,INV-241006131630,0044965a-62c5-497c-8468-3cea30305518,INV-241006131630,2d4f5de5-04ac-46b6-86b0-d48b5946b5ae,19010,WLT-00001989,3475f3daec7f2d5ab5cdac86e7626e9baa2cab40555cda5310ac710fe29c68ce,19010,TOP_UP,CREDIT,VA_BANK_BRI,IDR,100000,500,4000,4500,DUITKU,71cb7282-35cb-4128-b085-52ff136a6129,False,Expired,Top Up Bilpay E-wallet - 2107,2024-10-07 00:00:00,2024-10-21 04:21:42,2024-11-13 15:45:00,True,True,False,False
2584,00,INV-240815054955,8e3b58f9-5db4-48ea-a5f5-e58fcf77468f,INV-240815054955,69a3306d-e26e-4317-803a-0e31e7ec5c93,4024,WLT-00000005,a67ecbc5ea34aab5eb84cc79b4c84a6a758c04b2584d156df5a45ca98b27c305,4024,TOP_UP,CREDIT,VA_BANK_BRI,IDR,100000,500,4000,4500,DUITKU,7a94d8b9-a2af-4700-ad02-307f2f07c5ae,False,Expired,Top Up Bilpay E-wallet - tarsobelender@gmail.com,2024-08-16 00:00:00,2024-04-20 11:34:32,2024-11-13 15:45:00,True,False,False,False
20677,00,INV-241122054941,6425a088-f3e2-49e8-86ea-130b0690df17,INV-241122054941,905f1c7f-4c67-4519-8169-8e004c75950e,36135,WLT-00000695,dad6f8e9c9b251702b7458ece7a803cd42b3a624102503c07021aee87c72403c,36135,TOP_UP,CREDIT,VA_BANK_MANDIRI,IDR,20000,500,4000,4500,DUITKU,f0e88a55-31a4-4917-b081-831da9fdad8e,False,Top Up Bilpay E-wallet - radea.surya4@gmail.com,Top Up Bilpay E-wallet - radea.surya4@gmail.com,2024-11-23 00:00:00,2024-05-02 12:24:12,2024-11-22 05:55:03,True,False,False,False
17093,00,INV-24103122332687,f1c113c0-9142-44ab-ab45-120d3e8c6ef0,INV-24103122332687,4a0909bd-79b5-42b8-8ca7-37f0b63baa59,35344,WLT-00000199,42719c69b2800090ac6e6efcfb14b193ff5a7ff73759f75a2ce3f34ed33b3db0,35344,PAYMENT,DEBIT,ONLINE_STORE,IDR,10000,0,0,0,QRIS,b98fd8c1-524b-4799-851c-dce545e8b390,True,Payment - Telkomsel,Payment - PLN,2024-10-31 22:33:26,2024-10-31 22:28:24,2024-10-31 22:36:41,False,False,False,False
23996,00,INV-241217063121,9ea67306-2651-49a3-a85e-2bf27b8ed896,INV-241217063121,15d6c997-faa2-4b1a-8f69-b44b5ceb47ba,8889,WLT-00000684,44f025816c22a336ee1ad0a1f18f059d27406d1d8f32d873790a69cf66afc9f7,8889,TOP_UP,CREDIT,VA_BANK_BNI,IDR,300000,500,4000,4500,DUITKU,a4bccaa2-c797-4866-affa-4a535dbc1fb4,False,Top Up Bilpay E-wallet - rikirikardony15@gmail.com,Top Up Bilpay E-wallet - rikirikardony15@gmail.com,2024-12-18 00:00:00,2024-09-04 07:53:56,2024-12-17 06:32:42,True,False,False,False
4860,00,INV-240830032950,6c61b8c2-9d7c-4be2-aa3b-4f3fea5c15ec,INV-240830032950,5401a847-fb62-46c6-9e1c-0cafa158f6e3,9368,WLT-00001446,aa575ac14194c478d7b259ada9119a43063ea86a630928543d3dbaa13e6b9350,9368,TOP_UP,CREDIT,VA_BANK_MANDIRI,IDR,10000,500,4000,4500,DUITKU,50fe5b1f-adf9-4101-8755-992f04d6ab4b,False,Expired,Top Up Bilpay E-wallet - 1279,2024-08-31 00:00:00,2024-10-21 04:21:42,2024-11-13 15:45:00,True,True,False,False
6888,00,INV-240913132531,88e93f62-f4e8-423d-b282-457afe2eed2d,INV-240913132531,b9b5425e-d66b-435a-82ac-cd8d6cf45536,8889,WLT-00000684,44f025816c22a336ee1ad0a1f18f059d27406d1d8f32d873790a69cf66afc9f7,8889,TOP_UP,CREDIT,VA_BANK_BNI,IDR,500000,500,4000,4500,DUITKU,96c4d8bb-cf8b-447a-8679-ffc522cf5903,False,Expired,Top Up Bilpay E-wallet - rikirikardony15@gmail.com,2024-09-14 00:00:00,2024-08-04 07:53:56,2024-11-13 15:45:00,True,False,False,False
27126,00,INV-250112101818,5893ccac-7e85-45fe-9868-eea9ec49b966,INV-250112101818,49bf5038-80b0-4179-8a0e-c62473506218,47106,WLT-00001920,dad52084d37bbe0a6d2c0035f015d49dc96408799c52e5cd5c9e3d73dda7133c,47106,TOP_UP,CREDIT,VA_BANK_BRI,IDR,10000,500,4000,4500,DUITKU,c267e5f4-b8bf-44ab-b27a-a16e2e6b521c,False,Top Up Bilpay E-wallet - 5262,Top Up Bilpay E-wallet - 5262,2025-01-13 00:00:00,2024-06-02 12:24:12,2025-01-12 10:23:21,True,False,False,False
10460,00,INV-24092821574444,5128720b-4b04-4a91-867d-792f97323749,INV-24092821574444,a5010d8e-c6a2-4621-a5ec-d1fa91629997,26982,WLT-00001569,fff8b19a22cb55a90b3945c7f1eee798483903012ff599087e042853c884e797,26982,REFUND,CREDIT,REFUND_MERCHANT,IDR,100000,0,0,0,MIDTRANS,a79fa0df-12b1-4d44-8670-874a4b2f7167,True,Refund - Overpayment,Refund - Merchant Return,2024-09-28 21:57:44,2024-09-28 21:53:41,2024-09-28 21:58:48,False,False,False,False
10646,00,INV-240929153356,75e6eb28-fa88-4f8f-b311-953e8a4e4296,INV-240929153356,48985998-3c97-4156-bcfa-891c87a61738,18951,WLT-00000515,fa0d18544647d098840f4ea0e2d296e89831dd163eb33990627e6f1737fe3309,18951,TOP_UP,CREDIT,VA_BANK_BNI,IDR,50000,500,4000,4500,DUITKU,2e45769b-0ed4-4470-bbab-1da465b75923,False,Expired,Top Up Bilpay E-wallet - 2096,2024-09-30 00:00:00,2024-03-06 08:38:35,2024-11-13 15:45:00,True,False,False,False
9774,00,INV-240925110245,b480901b-b929-46f4-a3ec-1ce005a227c3,INV-240925110245,8da9e641-d8a4-4a22-af71-0476a9fa0e25,15649,WLT-00000670,e792c034277591cd045abc705d9cd5b80518867c92611c941f573d0184391eb5,15649,TOP_UP,CREDIT,VA_BANK_BRI,IDR,500000,500,4000,4500,DUITKU,1b2b9577-a3ed-4132-a125-790570ac9c03,False,Expired,Top Up Bilpay E-wallet - 1818,2024-09-26 00:00:00,2024-04-20 11:34:32,2024-11-13 15:45:00,True,False,False,False
19908,00,INV-24111902315549,ac0eefb0-4fac-482c-8c56-c91dc0a5b15c,INV-24111902315549,808fe6e6-a51c-472d-96c0-7f18622a4083,15885,WLT-00001644,434c3f88a93ab820876e596c26bf1690033800f9ed40350c10452f813208ed56,15885,WITHDRAWAL,DEBIT,ATM_MANDIRI,IDR,500000,2500,6500,9000,ATM,eee12819-9e00-472e-8a21-3dc7daa6097e,True,Withdrawal - ATM Mandiri,Withdrawal - ATM BRI,2024-11-19 02:31:55,2024-11-19 02:27:04,2024-11-19 02:36:00,False,False,False,False
11896,00,INV-24100407215278,e48fb84c-de87-44cb-a09d-49c55fb24c72,INV-24100407215278,5bdcee86-3803-4a17-b6b9-8007861429cc,3536,WLT-00000883,9f74f08acb3ecc900d2dabe4b7ccee7cbcd61d2e3268a412b35810d525b18340,3536,PAYMENT,DEBIT,UTILITY_PLN,IDR,200000,0,0,0,MIDTRANS,04db9c77-c0f5-45c2-a72f-967358f8e535,False,Payment - Gojek,Payment - Telkomsel,2024-10-04 07:21:52,2024-10-04 07:12:48,2024-10-04 07:25:13,False,False,False,False
26464,00,INV-250108092111,573f5f6d-5c29-45d0-8f60-eb2279a40a65,INV-250108092111,8dc8855d-fbd9-4dd8-9235-8fcd70511cc3,43011,WLT-00001747,38696cbcc3839adc6f5e48bbac8559e161a528573ede18af8512a41690948976,43011,TOP_UP,CREDIT,VA_BANK_BRI,IDR,50000,500,4000,4500,DUITKU,74bde4fa-29e1-45ed-abd2-52a84d084a4f,False,Top Up Bilpay E-wallet - 4897,Top Up Bilpay E-wallet - 4897,2025-01-09 00:00:00,2024-11-05 02:38:11,2025-01-08 09:21:53,True,False,False,False
17364,00,INV-241031180018,b4dbc3dd-8731-48af-ad6f-841c60cfc22b,INV-241031180018,fee922e7-95a7-4141-ac07-c440689a36e1,26268,WLT-00001162,0fc648f40721403d14d2f72aeacaa6cbcd12b1a1039a62bc80267a428d2481b3,26268,TOP_UP,CREDIT,VA_BANK_BRI,IDR,47000,500,4000,4500,DUITKU,c81291a9-3629-4ca7-abb2-e913e3af5249,False,Top Up Bilpay E-wallet - 2719,Top Up Bilpay E-wallet - 2719,2024-11-02 00:00:00,2024-09-04 07:53:56,2024-10-31 18:01:03,True,False,False,False
17777,00,INV-241103075151,7f64044f-e973-4a53-bc27-8ad1dca78ae1,INV-241103075151,b73d0c6b-fa81-450a-b153-94110822cc5c,29676,WLT-00000765,223e048a040b9a694d56c26c99f598a3462d153ed1ed123d58dda75d561a8e0a,29676,TOP_UP,CREDIT,VA_BANK_MANDIRI,IDR,51550,500,4000,4500,DUITKU,eb94039a-1b16-4546-a52f-25d6e2c3e3f3,False,Top Up Bilpay E-wallet - mnovessro@gmail.com,Top Up Bilpay E-wallet - mnovessro@gmail.com,2024-11-04 00:00:00,2024-01-19 03:50:52,2024-11-03 07:52:25,True,False,False,False
21832,00,INV-241201105220,eeb655c7-5b99-46bf-96c9-a68b4619f362,INV-241201105220,ff07d46f-55ed-4cf8-90aa-0e458edc65de,12351,WLT-00001732,67261a34086bf67984634079895b74a94a6cb5b58fc2e24ccb4060d91599004a,12351,TOP_UP,CREDIT,VA_BANK_BRI,IDR,1500000,500,4000,4500,DUITKU,295809a0-e77c-4dd0-84a8-374738ad1287,False,Top Up Bilpay E-wallet - dwiputrasetiabudhi@gmail.com,Top Up Bilpay E-wallet - dwiputrasetiabudhi@gmail.com,2024-12-02 00:00:00,2024-05-02 12:24:12,2024-12-01 10:53:52,True,False,True,False
13309,00,INV-24101414295396,1653fb45-c716-4d1e-9f5c-6f07cbb26207,INV-24101414295396,47723977-9914-42d1-812f-e6cfd27d3057,12162,WLT-00000027,5c678d503086bcf99c15509852c8f586b05cb65b26772f852338cd2d1036fffc,12162,REFUND,CREDIT,REFUND_SYSTEM,IDR,150000,0,0,0,DUITKU,ec6c6974-2e4b-4e2f-86a4-00e8283beda2,True,Refund - Merchant Return,Refund - Failed Transaction,2024-10-14 14:29:53,2024-10-14 14:29:00,2024-10-14 14:33:01,False,False,False,False
11552,00,INV-241002125104,50d64d46-18db-4452-8254-1039914364e5,INV-241002125104,fa59d4f3-c060-4cc7-b93e-9ed963a3e166,20139,WLT-00001100,8cfd5a14d3a512ca08ee2246da1c05fd883886d0515b51e268ea9edf59250d68,20139,TOP_UP,CREDIT,VA_BANK_BNI,IDR,50000,500,4000,4500,DUITKU,0e09c536-bdd1-4d30-86b3-807b9827bdd9,False,Expired,Top Up Bilpay E-wallet - 2208,2024-10-03 00:00:00,2024-09-04 07:53:56,2024-11-13 15:45:00,True,False,False,False
17524,00,INV-24110217263423,27948ab6-f848-48cb-9084-3cd5abc57d11,INV-24110217263423,d8eeb3d9-0e33-4421-af57-e0332ae2c423,7953,WLT-00001965,e10b9b018dc8a6c869ca6bfd9fcb30445a05b10c1982de6d7a706c199566f2ac,7953,PAYMENT,DEBIT,ONLINE_STORE,IDR,200000,0,0,0,QRIS,4d1cb118-4307-4631-b51d-f12da9cc7ea5,True,Payment - Gojek,Payment - Telkomsel,2024-11-02 17:26:34,2024-11-02 17:19:29,2024-11-02 17:26:58,False,False,False,False
22564,00,INV-24120706381218,6ed25c11-c291-45b4-b52a-50d098936088,INV-24120706381218,9c7b9230-cd07-4b93-a885-c5c7f91fcd1a,9662,WLT-00001963,a26b1c3c54fc633f9353bdd3a4632a427507418ada22b5a3c0e1ac10aec61a71,9662,WITHDRAWAL,DEBIT,AGENT_CASHOUT,IDR,300000,2500,6500,9000,AGENT,a3c18ba8-ce85-4ff9-aa98-d6dbb843e9f7,True,Withdrawal - Agent Cashout,Withdrawal - ATM BRI,2024-12-07 06:38:12,2024-12-07 06:33:26,2024-12-07 06:39:40,False,False,False,False
313,00,INV-24072208062943,f7868966-ea3f-4bb2-853c-78f5a447a893,INV-24072208062943,92ce546b-b2ef-46a3-a31c-fa1c2a77dda2,34450,WLT-00001654,b166af8c38c8a95d1a540daefaa1d2a979643e3dab99cf20e9dd927d52bd4d50,34450,REFUND,CREDIT,REFUND_SYSTEM,IDR,100000,0,0,0,INTERNAL,5fc8fc7b-c09a-4df7-8490-0e4e1b9752df,True,Refund - Overpayment,Refund - Merchant Return,2024-07-22 08:06:29,2024-07-22 07:56:55,2024-07-22 08:08:40,False,False,False,False
27179,00,INV-25011309140541,4ef2d0f2-ef7c-42be-b64a-8967049f14fd,INV-25011309140541,78f7ef6c-70c4-4c6a-84f7-29d6ffdd27cd,9184,WLT-00001519,505da38d9c2527396c8bf1483dc52d3e395b2e7be1019e2cf03c65277ca6ba6f,9184,PAYMENT,DEBIT,UTILITY_TELCO,IDR,10000,0,0,0,DUITKU,75b4a005-4c74-4b7d-b30e-f158de068461,False,Payment - Tokopedia,Payment - Indomaret,2025-01-13 09:14:05,2025-01-13 09:08:58,2025-01-13 09:16:09,False,False,False,False
27459,00,INV-25011519121116,2a65494d-c56e-43ae-8bf1-70ddf48fb345,INV-25011519121116,8db90bfe-b376-4f01-8e4c-f211e0dabd20,39610,WLT-00000986,ea2e0b9f313eba181057cc3a275708f7e8a2b857ca4a491d4502e374a9149cc0,39610,WITHDRAWAL,DEBIT,ATM_BNI,IDR,50000,2500,6500,9000,AGENT,c27ce7a0-3aa0-4723-98ea-06c29458d441,True,Withdrawal - Agent Cashout,Withdrawal - ATM BNI,2025-01-15 19:12:11,2025-01-15 19:09:11,2025-01-15 19:16:30,False,False,False,False
7919,00,INV-240918130721,8ac43628-8557-4c05-9691-e7a8ed4ddba6,INV-240918130721,d027f33c-c62d-4c7b-8daf-ebb81d37d005,15755,WLT-00000132,b3ae45bb68e971b0cafa24d159711e6474d616c5d4c0e24a5b49604af8dacf30,15755,TOP_UP,CREDIT,VA_BANK_BNI,IDR,10000,500,4000,4500,DUITKU,72bbfdcd-a843-4791-b1b7-c52dd795a1f8,False,Expired,Top Up Bilpay E-wallet - 1836,2024-09-19 00:00:00,2024-04-20 11:34:32,2024-11-13 15:45:00,True,False,False,False
13192,00,INV-24101314073280,c623d45d-937f-4d1a-897b-f021d8788a7f,INV-24101314073280,1ef21935-8143-41b9-88b6-87d784574de7,37602,WLT-00000908,93f013fed1c3c417eb2e4c389d8a19b92bff9e971bf133d06e1b4bce31169f3e,37602,PAYMENT,DEBIT,UTILITY_PLN,IDR,150000,0,0,0,MIDTRANS,c591a732-7752-4b19-85ec-a8594f8605f3,True,Payment - PLN,Payment - Shopee,2024-10-13 14:07:32,2024-10-13 14:03:22,2024-10-13 14:09:22,False,False,False,False
26590,00,INV-250109063548,48162676-3d08-48aa-bf33-0df38f77b9e0,INV-250109063548,7ceb2ce8-0510-4c62-b839-fd45d9c6103c,44728,WLT-00001766,1b61f53c5706414c63255cfc8226bfbff828f406a40746b7476527f2a54c8ca4,44728,TOP_UP,CREDIT,VA_BANK_BRI,IDR,1000000,500,4000,4500,DUITKU,6e093c37-5b81-4587-b6de-7bca56374139,False,Top Up Bilpay E-wallet - shiroyukihime90@gmail.com,Top Up Bilpay E-wallet - shiroyukihime90@gmail.com,2025-01-10 00:00:00,2024-02-23 10:59:44,2025-01-09 06:37:17,True,False,False,False
4405,00,INV-24082818592526,7078a52b-4f46-4d8c-8e23-329da6fdb5dd,INV-24082818592526,ea8f13f0-53b1-4309-ab8a-60e55ee5b82d,42110,WLT-00001507,ca4cd797130e7f19cc596cf13ecc8a593d8e8a74ff3ca0fdc35b85846bdf1d8b,42110,PAYMENT,DEBIT,UTILITY_PLN,IDR,150000,0,0,0,QRIS,899be10a-4bde-426f-b1ef-3081a23f78d9,True,Payment - Merchant,Payment - Tokopedia,2024-08-28 18:59:25,2024-08-28 18:49:46,2024-08-28 19:00:01,False,False,False,False
7977,00,INV-24091907435444,f1693fcd-f930-4e24-84a3-ed2cf97a508a,INV-24091907435444,13f4f72e-12b8-428b-8555-d58371b8e7b7,9184,WLT-00001519,505da38d9c2527396c8bf1483dc52d3e395b2e7be1019e2cf03c65277ca6ba6f,9184,PAYMENT,DEBIT,ONLINE_STORE,IDR,200000,0,0,0,MIDTRANS,dfdbcb3d-8a6d-40c5-aa78-24ff24023f04,True,Payment - Shopee,Payment - PLN,2024-09-19 07:43:54,2024-09-19 07:43:06,2024-09-19 07:46:09,False,False,False,False
3299,00,INV-240820121503,fb7ef608-d7a6-49f3-815a-1daddf1c7cb5,INV-240820121503,7da1f22b-1db6-4366-8aa4-8b3d25cbf3f1,4024,WLT-00000005,a67ecbc5ea34aab5eb84cc79b4c84a6a758c04b2584d156df5a45ca98b27c305,4024,TOP_UP,CREDIT,VA_BANK_BRI,IDR,1784000,500,4000,4500,DUITKU,ad1b05e8-c0c8-4d3f-ab25-44e7c29b169e,False,Expired,Top Up Bilpay E-wallet - tarsobelender@gmail.com,2024-08-21 00:00:00,2024-07-21 06:58:55,2024-11-13 15:45:00,True,False,True,False
17868,00,INV-241104103814,f5fed5f5-f0ac-4b14-a3da-1b0c717c94e8,INV-241104103814,b9ea96f4-de5f-4b0c-ace0-2d64bab7e3c3,619,WLT-00002019,a08d46cc9a1d26a6e11a5a8ac288b650fdd92a3c39d63e299f2106e45b138f19,619,TOP_UP,CREDIT,VA_BANK_BRI,IDR,50000,500,4000,4500,DUITKU,194aa2c2-f66c-494f-af51-1d02106a893d,False,Top Up Bilpay E-wallet - ibrahimmanorek,Top Up Bilpay E-wallet - ibrahimmanorek,2024-11-05 00:00:00,2024-01-19 03:50:52,2024-11-04 10:39:13,True,False,False,False
26204,00,INV-250107112252,154e5ba4-3bac-422a-9846-c2dc494806a1,INV-250107112252,701d8f03-6dd1-4d20-9c85-3c1084aa4262,42992,WLT-00000977,54ff79c573143c4a137cffda8a89546852d691ab7c57b92c576b3006ba85cbb9,42992,TOP_UP,CREDIT,VA_BANK_BRI,IDR,80000,500,4000,4500,DUITKU,6f93d103-b769-404c-b071-237bfa75424e,False,Top Up Bilpay E-wallet - 4894,Top Up Bilpay E-wallet - 4894,2025-01-08 00:00:00,2024-09-25 00:43:40,2025-01-07 11:26:31,True,False,False,False
5827,00,INV-24090619300342,ac4ebc55-4148-4773-bbed-343fd676d711,INV-24090619300342,3be18a9d-51bc-4c7f-8298-e06f2c581c89,23021,WLT-00001479,4e920c523aaf76d7d8f1c1348e2c252fb105547e178b414b6a7680e5951f7977,23021,WITHDRAWAL,DEBIT,AGENT_CASHOUT,IDR,200000,2500,6500,9000,AGENT,001bf9ca-c30a-488e-8d74-d6339b7ba3d1,True,Withdrawal - ATM BNI,Withdrawal - ATM Mandiri,2024-09-06 19:30:03,2024-09-06 19:29:49,2024-09-06 19:32:23,False,False,False,False
15781,00,INV-24102418524615,29495c40-0eac-4f06-b19f-906f96f8d777,INV-24102418524615,6d17559b-4b8e-404f-a69a-3027d6f00fc5,36782,WLT-00000919,2a07d6d965455a3f4a86fc95b921f318f4657f18043bc55188fad667e18f1cd2,36782,PAYMENT,DEBIT,UTILITY_PDAM,IDR,50000,0,0,0,QRIS,a230617a-0fd2-47b5-bc8b-f788a3806aaf,False,Payment - Tokopedia,Payment - Grab,2024-10-24 18:52:46,2024-10-24 18:45:09,2024-10-24 18:56:56,False,False,False,False
3257,00,INV-24082014370769,0cfa3b69-ef29-4290-bbc3-c854fdb2bf8d,INV-24082014370769,3f69ea50-0524-487c-b869-ddb923108ab3,8443,WLT-00001300,fa859e2042d83d74002c718cc7c3104674a13394e340f6ab90daf95a4894a723,8443,WITHDRAWAL,DEBIT,ATM_MANDIRI,IDR,200000,2500,6500,9000,AGENT,17289946-4993-43ce-995c-fb52312f649d,True,Withdrawal - ATM Mandiri,Withdrawal - ATM Mandiri,2024-08-20 14:37:07,2024-08-20 14:27:10,2024-08-20 14:37:29,False,False,False,False
9163,00,INV-240923074012,cd73a8e6-a363-486e-bab4-8c7c7fe9a350,INV-240923074012,d03d052c-d485-468a-95d7-2c141ca6167f,16735,WLT-00000818,0fa1d08280a1f00ecc90ab5fa26d517a953d4a32a9401b4919a71614c23eaa6a,16735,TOP_UP,CREDIT,VA_BANK_BRI,IDR,100000,500,4000,4500,DUITKU,0a8e387c-bf06-45fa-a914-9ae60eb088e8,False,Expired,Top Up Bilpay E-wallet - 1920,2024-09-24 00:00:00,2024-03-06 08:38:35,2024-11-13 15:45:00,True,False,False,False
13725,00,INV-241016163006,25d7fc62-77aa-4e9a-aa16-dcd1db86a868,INV-241016163006,a512bd5b-ece6-4ec2-bdb7-cd955f0c3ed7,9104,WLT-00001975,ba40efd2713a385e944578c4c8b1c51a3ab90542c98e283ac5a64695de6f47ab,9104,TOP_UP,CREDIT,VA_BANK_BRI,IDR,25000,500,4000,4500,DUITKU,1e44a358-2fdf-4811-ad2f-8589ec7a1ddf,False,Expired,Top Up Bilpay E-wallet - nd.hp.pln@gmail.com,2024-10-17 00:00:00,2024-02-23 10:59:44,2024-11-13 15:45:00,True,False,False,False
13378,00,INV-241014040959,4ca486ea-36ff-4738-823f-0684282ff97d,INV-241014040959,869cebc3-58a8-4727-b309-6eb87c9a1b33,16735,WLT-00000818,0fa1d08280a1f00ecc90ab5fa26d517a953d4a32a9401b4919a71614c23eaa6a,16735,TOP_UP,CREDIT,VA_BANK_BRI,IDR,50000,500,4000,4500,DUITKU,1b00e98f-56e8-4f15-a2b5-27966eb69271,False,Expired,Top Up Bilpay E-wallet - 1920,2024-10-15 00:00:00,2024-12-16 14:58:59,2024-11-13 15:45:00,True,True,False,False
20895,00,INV-24112423111154,19befe3f-d7cc-47b7-b1a3-dac9fbbae7f4,INV-24112423111154,d6fb731d-2c9e-44e4-85a5-01d6aea2fcf0,37008,WLT-00000376,5c8c4c5fc4c28767b41297272816a53ac1ecf8253fd98bdef6a18091751a38bb,37008,TRANSFER,DEBIT,INTERNAL_TRANSFER,IDR,100000,2500,0,2500,INTERNAL,a5954785-e336-46a1-971e-038210197d55,True,Transfer to Bank Mandiri,Transfer to Bank Mandiri,2024-11-24 23:11:11,2024-11-24 23:06:32,2024-11-24 23:16:10,False,False,False,False
9379,00,INV-24092407225474,2aeffcd9-ab06-47e4-bfdd-cebe0d344ac8,INV-24092407225474,4c13c0ab-7cd7-4564-8e58-9854a09c5dc5,12351,WLT-00001732,67261a34086bf67984634079895b74a94a6cb5b58fc2e24ccb4060d91599004a,12351,TRANSFER,DEBIT,BANK_TRANSFER_BRI,IDR,100000,2500,0,2500,INTERNAL,7f32131f-df78-458e-9791-fc2b3ff59187,True,Transfer to Wallet,Transfer to Wallet,2024-09-24 07:22:54,2024-09-24 07:17:35,2024-09-24 07:24:13,False,False,False,False
6815,00,INV-24091318331454,00bc52e4-09a0-4c60-b745-d778de057799,INV-24091318331454,9d8ca4ff-2edd-4381-9a9f-c239036c585e,6537,WLT-00001239,0425b2d5302de752275ca039e09ced37365c14f7f38a0868b11bdbc2be352256,6537,PAYMENT,DEBIT,UTILITY_TELCO,IDR,20000,0,0,0,QRIS,a71b2883-ec4b-4404-86c4-d129ce00645f,False,Payment - Indomaret,Payment - Merchant,2024-09-13 18:33:14,2024-09-13 18:32:03,2024-09-13 18:37:22,False,False,False,False
21879,00,INV-24120207125433,c13d292d-7ae1-4411-97d6-312480a26eec,INV-24120207125433,42a3f2f4-1700-4133-a52c-dab8c51b180f,33065,WLT-00001053,391e6b121051b1c27daabf95d9b94aa6f203b4f0eebe574641fcab505893a1ef,33065,WITHDRAWAL,DEBIT,ATM_MANDIRI,IDR,500000,2500,6500,9000,AGENT,0f059b95-9a95-4b2f-8125-5fd8c56a2bf4,True,Withdrawal - ATM Mandiri,Withdrawal - ATM Mandiri,2024-12-02 07:12:54,2024-12-02 07:07:53,2024-12-02 07:16:59,False,False,False,False
24256,00,INV-24121920421494,358b1e4a-0534-41de-bc65-03c711692f70,INV-24121920421494,9a5e0eec-a032-4ceb-8b1e-3229f216807e,38001,WLT-00001851,dab2390e10c13a8989c67ccd96b1c5576bdf969140bec4d9527f1ba15450989f,38001,PAYMENT,DEBIT,UTILITY_PLN,IDR,150000,0,0,0,QRIS,1cc2305a-389c-4388-84cf-a281bf5c0ee7,True,Payment - Tokopedia,Payment - PLN,2024-12-19 20:42:14,2024-12-19 20:40:04,2024-12-19 20:46:41,False,False,False,False
4141,00,INV-24082614124370,596d3368-72ea-4f67-9010-b5a69ee26535,INV-24082614124370,ff94a23f-9a4a-47c8-831b-d7267afe71fd,3610,WLT-00001492,45b3aa358ab7ae79d75f0c5bd09b828752afeca0f5dc18b007d9d98c95a66eb7,3610,PAYMENT,DEBIT,QRIS,IDR,20000,0,0,0,QRIS,c9ab47c0-698e-4545-94aa-bcab5354004e,True,Payment - Gojek,Payment - Grab,2024-08-26 14:12:43,2024-08-26 14:03:19,2024-08-26 14:15:42,False,False,False,False
9743,00,INV-240925090642,3e550752-3be7-46bf-b15b-bb15cfa02e0c,INV-240925090642,f08bd17d-99d7-4366-8bc1-428d1a75305f,15885,WLT-00001644,434c3f88a93ab820876e596c26bf1690033800f9ed40350c10452f813208ed56,15885,TOP_UP,CREDIT,VA_BANK_BRI,IDR,3000000,500,4000,4500,DUITKU,ff1d28fd-f93b-42a4-919c-7b525626b34b,False,Expired,Top Up Bilpay E-wallet - adidgk2020@gmail.com,2024-09-26 00:00:00,2024-05-02 12:24:12,2024-11-13 15:45:00,True,False,True,False
20211,00,INV-24112019004816,d1d8925f-9ae6-4f8e-bfe6-43ea8295b5e0,INV-24112019004816,06a25619-c635-4a4e-bced-a46f0b5cc1d4,35744,WLT-00001380,da3c1051534f1e40b60177b0ce73d0494e511866ec69f8aa69cb362de973fb9d,35744,TRANSFER,DEBIT,BANK_TRANSFER_MANDIRI,IDR,2000000,2500,0,2500,RTGS,c09d3687-47e9-4c18-a899-796317e09737,True,Transfer to Bank BRI,Transfer to Bank Mandiri,2024-11-20 19:00:48,2024-11-20 18:57:33,2024-11-20 19:04:47,False,False,True,False
19071,00,INV-241112065700,0c5edc1b-ffb6-4db5-b960-ff30fbba1d81,INV-241112065700,deea483e-f8c9-4f18-8da7-c2f6c411fb4d,33016,WLT-00001901,60438359ff57cd268502906fda1d2a7666e3f865fac1b4b828ecb5f2307d90a8,33016,TOP_UP,CREDIT,VA_BANK_BRI,IDR,647000,500,4000,4500,DUITKU,5cf6f1a1-cd4d-4e50-a0e8-f0d95b18a124,False,Top Up Bilpay E-wallet - 3272,Top Up Bilpay E-wallet - 3272,2024-11-13 00:00:00,2024-11-05 02:38:11,2024-11-12 06:57:26,True,False,False,False
6831,00,INV-240913064830,98641530-4bf3-446e-bc6a-c9261025b86b,INV-240913064830,e018248d-b6e7-4dd4-8460-abfd78d76906,14270,WLT-00000323,b86c3b9bc6712d53855f176c944e8e173c982be90124ed6d92ce94081027e00d,14270,TOP_UP,CREDIT,VA_BANK_BRI,IDR,160000,500,4000,4500,DUITKU,f4552c95-0d48-4f53-91bc-d8fdf75617dd,False,Expired,Top Up Bilpay E-wallet - ukarsuhendar@gmail.com,2024-09-14 00:00:00,2024-08-01 10:27:29,2024-11-13 15:45:00,True,False,False,False
26705,00,INV-250110053432,67a43949-2fbe-4e45-ba15-273d81579779,INV-250110053432,41d7e083-bae0-4a22-98d0-47b699b1bdf5,45295,WLT-00000168,8f3622b9eab97f27b709cfd62616a713eb71047ee891a4b08a0bebb35a1f5adc,45295,TOP_UP,CREDIT,VA_BANK_MANDIRI,IDR,25000,500,4000,4500,DUITKU,ec5addff-4210-45e7-859c-aa17cb92b7b7,False,Top Up Bilpay E-wallet - nickufp@gmail.com,Top Up Bilpay E-wallet - nickufp@gmail.com,2025-01-11 00:00:00,2024-08-04 07:53:56,2025-01-10 05:35:29,True,False,False,False
27623,00,INV-250117113534,1a5a9b41-00d4-4473-a291-3d99da13f6ed,INV-250117113534,61b9f3d3-8fd1-4ea8-88bf-1b5010edc5d8,2759,WLT-00000543,0a919236d28c1f35718959278383d17024d10c800702003302a2c3fb342f37f1,2759,TOP_UP,CREDIT,VA_BANK_BNI,IDR,10000,500,4000,4500,DUITKU,1646652d-4026-42d5-9c7f-a0fb6910dedc,False,Top Up Bilpay E-wallet - ahmadhariyadi581@gmail.com,Top Up Bilpay E-wallet - ahmadhariyadi581@gmail.com,2025-01-18 00:00:00,2024-12-21 02:17:14,2025-01-17 11:38:28,True,False,False,False
15522,00,INV-241022121308,60cc0ccc-3ce8-40c0-9c95-2e92132f782c,INV-241022121308,ce399f20-7dd1-4b85-9743-886bca392feb,16464,WLT-00002130,8802584f46fc1622e163952142547bf18908a3c6a26d7cabe7079e1e5da617a9,16464,TOP_UP,CREDIT,VA_BANK_BRI,IDR,500000,500,4000,4500,DUITKU,d86f2680-2981-41a4-8ff1-ad7e106fb497,False,Expired,Top Up Bilpay E-wallet - 1896,2024-10-23 00:00:00,2024-08-04 07:53:56,2024-11-13 15:45:00,True,False,False,False
9139,00,INV-24092322560093,a7cefe5a-27cc-499c-8a18-86cbe916b8e6,INV-24092322560093,8e97d977-af0c-4db1-826a-706940691855,581,WLT-00000017,a2c6afafe9b4c2fdf5ecce4c0c21f40fa415d65f2f9ea3cd64ad2286209cc0d1,581,PAYMENT,DEBIT,MERCHANT_DIRECT,IDR,10000,0,0,0,QRIS,5f31f527-048f-4e3c-91c2-2a4cd2b3d2b0,True,Payment - Merchant,Payment - Tokopedia,2024-09-23 22:56:00,2024-09-23 22:52:10,2024-09-23 22:56:36,False,False,False,False
